{
    "graph": {},
    "multigraph": false,
    "links": [
        {
            "target": "italian",
            "source": "capers"
        },
        {
            "target": "indian",
            "source": "clove"
        },
        {
            "target": "southern_us",
            "source": "granulated sugar"
        },
        {
            "target": "italian",
            "source": "italian seasoning"
        },
        {
            "target": "mexican",
            "source": "salsa"
        },
        {
            "target": "mexican",
            "source": "green chile"
        },
        {
            "target": "indian",
            "source": "mustard seeds"
        },
        {
            "target": "italian",
            "source": "parmigiano reggiano cheese"
        },
        {
            "target": "italian",
            "source": "water"
        },
        {
            "target": "french",
            "source": "water"
        },
        {
            "target": "japanese",
            "source": "water"
        },
        {
            "target": "mexican",
            "source": "water"
        },
        {
            "target": "thai",
            "source": "water"
        },
        {
            "target": "chinese",
            "source": "water"
        },
        {
            "target": "southern_us",
            "source": "water"
        },
        {
            "target": "vietnamese",
            "source": "water"
        },
        {
            "target": "korean",
            "source": "water"
        },
        {
            "target": "indian",
            "source": "water"
        },
        {
            "target": "filipino",
            "source": "water"
        },
        {
            "target": "cajun_creole",
            "source": "water"
        },
        {
            "target": "chinese",
            "source": "oyster sauce"
        },
        {
            "target": "cajun_creole",
            "source": "shrimp"
        },
        {
            "target": "mexican",
            "source": "sour cream"
        },
        {
            "target": "thai",
            "source": "fish sauce"
        },
        {
            "target": "vietnamese",
            "source": "fish sauce"
        },
        {
            "target": "thai",
            "source": "lime"
        },
        {
            "target": "mexican",
            "source": "lime"
        },
        {
            "target": "milk",
            "source": "british"
        },
        {
            "target": "salt",
            "source": "british"
        },
        {
            "target": "butter",
            "source": "british"
        },
        {
            "target": "all-purpose flour",
            "source": "british"
        },
        {
            "target": "indian",
            "source": "green chilies"
        },
        {
            "target": "italian",
            "source": "tomatoes"
        },
        {
            "target": "indian",
            "source": "tomatoes"
        },
        {
            "target": "mexican",
            "source": "tomatoes"
        },
        {
            "target": "indian",
            "source": "chopped cilantro fresh"
        },
        {
            "target": "mexican",
            "source": "chopped cilantro fresh"
        },
        {
            "target": "southern_us",
            "source": "paprika"
        },
        {
            "target": "mexican",
            "source": "paprika"
        },
        {
            "target": "chinese",
            "source": "fresh ginger"
        },
        {
            "target": "indian",
            "source": "fresh ginger"
        },
        {
            "target": "chinese",
            "source": "peanut oil"
        },
        {
            "target": "mexican",
            "source": "shredded Monterey Jack cheese"
        },
        {
            "target": "korean",
            "source": "sugar"
        },
        {
            "target": "italian",
            "source": "sugar"
        },
        {
            "target": "indian",
            "source": "sugar"
        },
        {
            "target": "japanese",
            "source": "sugar"
        },
        {
            "target": "mexican",
            "source": "sugar"
        },
        {
            "target": "french",
            "source": "sugar"
        },
        {
            "target": "chinese",
            "source": "sugar"
        },
        {
            "target": "southern_us",
            "source": "sugar"
        },
        {
            "target": "thai",
            "source": "sugar"
        },
        {
            "target": "vietnamese",
            "source": "sugar"
        },
        {
            "target": "indian",
            "source": "yoghurt"
        },
        {
            "target": "italian",
            "source": "all-purpose flour"
        },
        {
            "target": "french",
            "source": "all-purpose flour"
        },
        {
            "target": "irish",
            "source": "all-purpose flour"
        },
        {
            "target": "mexican",
            "source": "all-purpose flour"
        },
        {
            "target": "southern_us",
            "source": "all-purpose flour"
        },
        {
            "target": "cajun_creole",
            "source": "all-purpose flour"
        },
        {
            "target": "mexican",
            "source": "monterey jack"
        },
        {
            "target": "italian",
            "source": "large garlic cloves"
        },
        {
            "target": "italian",
            "source": "pasta sauce"
        },
        {
            "target": "italian",
            "source": "dry white wine"
        },
        {
            "target": "french",
            "source": "dry white wine"
        },
        {
            "target": "flour",
            "source": "southern_us"
        },
        {
            "target": "ground cinnamon",
            "source": "southern_us"
        },
        {
            "target": "kosher salt",
            "source": "southern_us"
        },
        {
            "target": "brown sugar",
            "source": "southern_us"
        },
        {
            "target": "milk",
            "source": "southern_us"
        },
        {
            "target": "olive oil",
            "source": "southern_us"
        },
        {
            "target": "garlic cloves",
            "source": "southern_us"
        },
        {
            "target": "eggs",
            "source": "southern_us"
        },
        {
            "target": "garlic powder",
            "source": "southern_us"
        },
        {
            "target": "butter",
            "source": "southern_us"
        },
        {
            "target": "pepper",
            "source": "southern_us"
        },
        {
            "target": "salt",
            "source": "southern_us"
        },
        {
            "target": "chicken broth",
            "source": "southern_us"
        },
        {
            "target": "onions",
            "source": "southern_us"
        },
        {
            "target": "baking powder",
            "source": "southern_us"
        },
        {
            "target": "chopped pecans",
            "source": "southern_us"
        },
        {
            "target": "baking soda",
            "source": "southern_us"
        },
        {
            "target": "black pepper",
            "source": "southern_us"
        },
        {
            "target": "ground black pepper",
            "source": "southern_us"
        },
        {
            "target": "buttermilk",
            "source": "southern_us"
        },
        {
            "target": "garlic",
            "source": "southern_us"
        },
        {
            "target": "heavy cream",
            "source": "southern_us"
        },
        {
            "target": "cayenne pepper",
            "source": "southern_us"
        },
        {
            "target": "vanilla extract",
            "source": "southern_us"
        },
        {
            "target": "yellow corn meal",
            "source": "southern_us"
        },
        {
            "target": "vegetable oil",
            "source": "southern_us"
        },
        {
            "target": "unsalted butter",
            "source": "southern_us"
        },
        {
            "target": "large eggs",
            "source": "southern_us"
        },
        {
            "target": "salt",
            "source": "vietnamese"
        },
        {
            "target": "garlic",
            "source": "vietnamese"
        },
        {
            "target": "italian",
            "source": "heavy cream"
        },
        {
            "target": "french",
            "source": "heavy cream"
        },
        {
            "target": "coriander",
            "source": "indian"
        },
        {
            "target": "kosher salt",
            "source": "indian"
        },
        {
            "target": "ginger",
            "source": "indian"
        },
        {
            "target": "oil",
            "source": "indian"
        },
        {
            "target": "coriander powder",
            "source": "indian"
        },
        {
            "target": "olive oil",
            "source": "indian"
        },
        {
            "target": "garlic cloves",
            "source": "indian"
        },
        {
            "target": "chili powder",
            "source": "indian"
        },
        {
            "target": "tumeric",
            "source": "indian"
        },
        {
            "target": "curry powder",
            "source": "indian"
        },
        {
            "target": "ground cumin",
            "source": "indian"
        },
        {
            "target": "pepper",
            "source": "indian"
        },
        {
            "target": "coriander seeds",
            "source": "indian"
        },
        {
            "target": "salt",
            "source": "indian"
        },
        {
            "target": "garlic",
            "source": "indian"
        },
        {
            "target": "onions",
            "source": "indian"
        },
        {
            "target": "ghee",
            "source": "indian"
        },
        {
            "target": "ground turmeric",
            "source": "indian"
        },
        {
            "target": "curry leaves",
            "source": "indian"
        },
        {
            "target": "garlic paste",
            "source": "indian"
        },
        {
            "target": "lemon juice",
            "source": "indian"
        },
        {
            "target": "garam masala",
            "source": "indian"
        },
        {
            "target": "cayenne pepper",
            "source": "indian"
        },
        {
            "target": "cilantro leaves",
            "source": "indian"
        },
        {
            "target": "ground coriander",
            "source": "indian"
        },
        {
            "target": "cumin seed",
            "source": "indian"
        },
        {
            "target": "plain yogurt",
            "source": "indian"
        },
        {
            "target": "potatoes",
            "source": "indian"
        },
        {
            "target": "basmati rice",
            "source": "indian"
        },
        {
            "target": "coconut milk",
            "source": "indian"
        },
        {
            "target": "ground black pepper",
            "source": "indian"
        },
        {
            "target": "vegetable oil",
            "source": "indian"
        },
        {
            "target": "cinnamon sticks",
            "source": "indian"
        },
        {
            "target": "butter",
            "source": "indian"
        },
        {
            "target": "moroccan",
            "source": "ground cumin"
        },
        {
            "target": "mexican",
            "source": "ground cumin"
        },
        {
            "target": "cajun_creole",
            "source": "dried thyme"
        },
        {
            "target": "italian",
            "source": "white sugar"
        },
        {
            "target": "thai",
            "source": "fresh lime juice"
        },
        {
            "target": "mexican",
            "source": "fresh lime juice"
        },
        {
            "target": "mexican",
            "source": "fresh cilantro"
        },
        {
            "target": "mexican",
            "source": "tomatillos"
        },
        {
            "target": "mexican",
            "source": "corn tortillas"
        },
        {
            "target": "mexican",
            "source": "cheddar cheese"
        },
        {
            "target": "italian",
            "source": "tomato paste"
        },
        {
            "target": "italian",
            "source": "eggplant"
        },
        {
            "target": "italian",
            "source": "cooking spray"
        },
        {
            "target": "mexican",
            "source": "cooking spray"
        },
        {
            "target": "italian",
            "source": "ground black pepper"
        },
        {
            "target": "greek",
            "source": "ground black pepper"
        },
        {
            "target": "mexican",
            "source": "ground black pepper"
        },
        {
            "target": "french",
            "source": "ground black pepper"
        },
        {
            "target": "cajun_creole",
            "source": "ground black pepper"
        },
        {
            "target": "thai",
            "source": "green onions"
        },
        {
            "target": "chinese",
            "source": "green onions"
        },
        {
            "target": "korean",
            "source": "green onions"
        },
        {
            "target": "cajun_creole",
            "source": "green onions"
        },
        {
            "target": "mexican",
            "source": "green onions"
        },
        {
            "target": "italian",
            "source": "pinenuts"
        },
        {
            "target": "mexican",
            "source": "black beans"
        },
        {
            "target": "mexican",
            "source": "white onion"
        },
        {
            "target": "italian",
            "source": "red bell pepper"
        },
        {
            "target": "mexican",
            "source": "red bell pepper"
        },
        {
            "target": "moroccan",
            "source": "ground cinnamon"
        },
        {
            "target": "italian",
            "source": "sea salt"
        },
        {
            "target": "italian",
            "source": "plum tomatoes"
        },
        {
            "target": "chinese",
            "source": "oil"
        },
        {
            "target": "cajun_creole",
            "source": "celery"
        },
        {
            "target": "chinese",
            "source": "low sodium soy sauce"
        },
        {
            "target": "onions",
            "source": "korean"
        },
        {
            "target": "soy sauce",
            "source": "korean"
        },
        {
            "target": "sesame seeds",
            "source": "korean"
        },
        {
            "target": "salt",
            "source": "korean"
        },
        {
            "target": "sesame oil",
            "source": "korean"
        },
        {
            "target": "garlic",
            "source": "korean"
        },
        {
            "target": "mexican",
            "source": "yellow onion"
        },
        {
            "target": "italian",
            "source": "balsamic vinegar"
        },
        {
            "target": "italian",
            "source": "tomato sauce"
        },
        {
            "target": "mexican",
            "source": "tomato sauce"
        },
        {
            "target": "italian",
            "source": "red wine vinegar"
        },
        {
            "target": "italian",
            "source": "crushed red pepper"
        },
        {
            "target": "cajun seasoning",
            "source": "cajun_creole"
        },
        {
            "target": "cayenne pepper",
            "source": "cajun_creole"
        },
        {
            "target": "green bell pepper",
            "source": "cajun_creole"
        },
        {
            "target": "garlic cloves",
            "source": "cajun_creole"
        },
        {
            "target": "garlic",
            "source": "cajun_creole"
        },
        {
            "target": "bay leaves",
            "source": "cajun_creole"
        },
        {
            "target": "butter",
            "source": "cajun_creole"
        },
        {
            "target": "salt",
            "source": "cajun_creole"
        },
        {
            "target": "andouille sausage",
            "source": "cajun_creole"
        },
        {
            "target": "vegetable oil",
            "source": "cajun_creole"
        },
        {
            "target": "onions",
            "source": "cajun_creole"
        },
        {
            "target": "creole seasoning",
            "source": "cajun_creole"
        },
        {
            "target": "olive oil",
            "source": "cajun_creole"
        },
        {
            "target": "spanish",
            "source": "olive oil"
        },
        {
            "target": "italian",
            "source": "olive oil"
        },
        {
            "target": "greek",
            "source": "olive oil"
        },
        {
            "target": "mexican",
            "source": "olive oil"
        },
        {
            "target": "moroccan",
            "source": "olive oil"
        },
        {
            "target": "french",
            "source": "olive oil"
        },
        {
            "target": "mexican",
            "source": "chicken"
        },
        {
            "target": "mexican",
            "source": "cayenne pepper"
        },
        {
            "target": "japanese",
            "source": "mirin"
        },
        {
            "target": "italian",
            "source": "garlic"
        },
        {
            "target": "french",
            "source": "garlic"
        },
        {
            "target": "greek",
            "source": "garlic"
        },
        {
            "target": "mexican",
            "source": "garlic"
        },
        {
            "target": "thai",
            "source": "garlic"
        },
        {
            "target": "chinese",
            "source": "garlic"
        },
        {
            "target": "filipino",
            "source": "garlic"
        },
        {
            "target": "mexican",
            "source": "chicken breasts"
        },
        {
            "target": "italian",
            "source": "dried oregano"
        },
        {
            "target": "greek",
            "source": "dried oregano"
        },
        {
            "target": "mexican",
            "source": "dried oregano"
        },
        {
            "target": "italian",
            "source": "vegetable oil"
        },
        {
            "target": "japanese",
            "source": "vegetable oil"
        },
        {
            "target": "mexican",
            "source": "vegetable oil"
        },
        {
            "target": "thai",
            "source": "vegetable oil"
        },
        {
            "target": "chinese",
            "source": "vegetable oil"
        },
        {
            "target": "thai",
            "source": "lemongrass"
        },
        {
            "target": "mexican",
            "source": "green bell pepper"
        },
        {
            "target": "chinese",
            "source": "eggs"
        },
        {
            "target": "italian",
            "source": "eggs"
        },
        {
            "target": "mexican",
            "source": "eggs"
        },
        {
            "target": "thai",
            "source": "soy sauce"
        },
        {
            "target": "chinese",
            "source": "soy sauce"
        },
        {
            "target": "filipino",
            "source": "soy sauce"
        },
        {
            "target": "japanese",
            "source": "soy sauce"
        },
        {
            "target": "italian",
            "source": "pepper"
        },
        {
            "target": "greek",
            "source": "pepper"
        },
        {
            "target": "mexican",
            "source": "pepper"
        },
        {
            "target": "french",
            "source": "pepper"
        },
        {
            "target": "mexican",
            "source": "corn"
        },
        {
            "target": "chinese",
            "source": "carrots"
        },
        {
            "target": "italian",
            "source": "carrots"
        },
        {
            "target": "french",
            "source": "carrots"
        },
        {
            "target": "italian",
            "source": "lemon juice"
        },
        {
            "target": "chinese",
            "source": "light soy sauce"
        },
        {
            "target": "thai",
            "source": "coconut milk"
        },
        {
            "target": "mexican",
            "source": "canola oil"
        },
        {
            "target": "italian",
            "source": "ground beef"
        },
        {
            "target": "mexican",
            "source": "ground beef"
        },
        {
            "target": "italian",
            "source": "dried basil"
        },
        {
            "target": "italian",
            "source": "arborio rice"
        },
        {
            "target": "mexican",
            "source": "flour tortillas"
        },
        {
            "target": "chinese",
            "source": "honey"
        },
        {
            "target": "salt",
            "source": "russian"
        },
        {
            "target": "italian",
            "source": "fresh rosemary"
        },
        {
            "target": "chinese",
            "source": "dark soy sauce"
        },
        {
            "target": "mexican",
            "source": "chili powder"
        },
        {
            "target": "italian",
            "source": "salt"
        },
        {
            "target": "french",
            "source": "salt"
        },
        {
            "target": "greek",
            "source": "salt"
        },
        {
            "target": "irish",
            "source": "salt"
        },
        {
            "target": "mexican",
            "source": "salt"
        },
        {
            "target": "thai",
            "source": "salt"
        },
        {
            "target": "chinese",
            "source": "salt"
        },
        {
            "target": "moroccan",
            "source": "salt"
        },
        {
            "target": "filipino",
            "source": "salt"
        },
        {
            "target": "spanish",
            "source": "salt"
        },
        {
            "target": "jamaican",
            "source": "salt"
        },
        {
            "target": "japanese",
            "source": "salt"
        },
        {
            "target": "japanese",
            "source": "sake"
        },
        {
            "target": "mexican",
            "source": "chopped cilantro"
        },
        {
            "target": "italian",
            "source": "parmesan cheese"
        },
        {
            "target": "italian",
            "source": "zucchini"
        },
        {
            "target": "italian",
            "source": "purple onion"
        },
        {
            "target": "mexican",
            "source": "purple onion"
        },
        {
            "target": "italian",
            "source": "lemon"
        },
        {
            "target": "italian",
            "source": "kosher salt"
        },
        {
            "target": "mexican",
            "source": "kosher salt"
        },
        {
            "target": "butter",
            "source": "irish"
        },
        {
            "target": "chinese",
            "source": "Shaoxing wine"
        },
        {
            "target": "mexican",
            "source": "tortilla chips"
        },
        {
            "target": "italian",
            "source": "pasta"
        },
        {
            "target": "mexican",
            "source": "avocado"
        },
        {
            "target": "italian",
            "source": "fresh basil leaves"
        },
        {
            "target": "italian",
            "source": "flat leaf parsley"
        },
        {
            "target": "italian",
            "source": "milk"
        },
        {
            "target": "mexican",
            "source": "milk"
        },
        {
            "target": "italian",
            "source": "spaghetti"
        },
        {
            "target": "chinese",
            "source": "sesame oil"
        },
        {
            "target": "italian",
            "source": "grated parmesan cheese"
        },
        {
            "target": "italian",
            "source": "butter"
        },
        {
            "target": "mexican",
            "source": "butter"
        },
        {
            "target": "french",
            "source": "butter"
        },
        {
            "target": "chinese",
            "source": "rice vinegar"
        },
        {
            "target": "japanese",
            "source": "rice vinegar"
        },
        {
            "target": "italian",
            "source": "chopped onion"
        },
        {
            "target": "mexican",
            "source": "chopped onion"
        },
        {
            "target": "thai",
            "source": "lime juice"
        },
        {
            "target": "mexican",
            "source": "lime juice"
        },
        {
            "target": "ginger",
            "source": "chinese"
        },
        {
            "target": "brown sugar",
            "source": "chinese"
        },
        {
            "target": "chinese five-spice powder",
            "source": "chinese"
        },
        {
            "target": "garlic cloves",
            "source": "chinese"
        },
        {
            "target": "scallions",
            "source": "chinese"
        },
        {
            "target": "minced garlic",
            "source": "chinese"
        },
        {
            "target": "corn starch",
            "source": "chinese"
        },
        {
            "target": "onions",
            "source": "chinese"
        },
        {
            "target": "white pepper",
            "source": "chinese"
        },
        {
            "target": "hoisin sauce",
            "source": "chinese"
        },
        {
            "target": "french",
            "source": "large egg yolks"
        },
        {
            "target": "italian",
            "source": "fresh basil"
        },
        {
            "target": "mexican",
            "source": "boneless skinless chicken breasts"
        },
        {
            "target": "spanish",
            "source": "garlic cloves"
        },
        {
            "target": "italian",
            "source": "garlic cloves"
        },
        {
            "target": "greek",
            "source": "garlic cloves"
        },
        {
            "target": "mexican",
            "source": "garlic cloves"
        },
        {
            "target": "moroccan",
            "source": "garlic cloves"
        },
        {
            "target": "french",
            "source": "garlic cloves"
        },
        {
            "target": "thai",
            "source": "garlic cloves"
        },
        {
            "target": "italian",
            "source": "minced garlic"
        },
        {
            "target": "mexican",
            "source": "minced garlic"
        },
        {
            "target": "mexican",
            "source": "cilantro leaves"
        },
        {
            "target": "italian",
            "source": "crushed tomatoes"
        },
        {
            "target": "mexican",
            "source": "refried beans"
        },
        {
            "target": "italian",
            "source": "unsalted butter"
        },
        {
            "target": "french",
            "source": "unsalted butter"
        },
        {
            "target": "onions",
            "source": "moroccan"
        },
        {
            "target": "italian",
            "source": "fresh parsley"
        },
        {
            "target": "greek",
            "source": "feta cheese crumbles"
        },
        {
            "target": "mexican",
            "source": "shredded cheddar cheese"
        },
        {
            "target": "mexican",
            "source": "taco seasoning"
        },
        {
            "target": "italian",
            "source": "marinara sauce"
        },
        {
            "target": "italian",
            "source": "garlic powder"
        },
        {
            "target": "mexican",
            "source": "garlic powder"
        },
        {
            "target": "japanese",
            "source": "scallions"
        },
        {
            "target": "freshly ground pepper",
            "source": "italian"
        },
        {
            "target": "part-skim mozzarella cheese",
            "source": "italian"
        },
        {
            "target": "fresh oregano",
            "source": "italian"
        },
        {
            "target": "diced tomatoes",
            "source": "italian"
        },
        {
            "target": "fresh parmesan cheese",
            "source": "italian"
        },
        {
            "target": "fresh lemon juice",
            "source": "italian"
        },
        {
            "target": "large eggs",
            "source": "italian"
        },
        {
            "target": "ricotta cheese",
            "source": "italian"
        },
        {
            "target": "shredded mozzarella cheese",
            "source": "italian"
        },
        {
            "target": "mozzarella cheese",
            "source": "italian"
        },
        {
            "target": "chicken broth",
            "source": "italian"
        },
        {
            "target": "prosciutto",
            "source": "italian"
        },
        {
            "target": "onions",
            "source": "italian"
        },
        {
            "target": "shallots",
            "source": "italian"
        },
        {
            "target": "black pepper",
            "source": "italian"
        },
        {
            "target": "red pepper flakes",
            "source": "italian"
        },
        {
            "target": "vanilla extract",
            "source": "italian"
        },
        {
            "target": "extra-virgin olive oil",
            "source": "italian"
        },
        {
            "target": "fresh lemon juice",
            "source": "greek"
        },
        {
            "target": "extra-virgin olive oil",
            "source": "greek"
        },
        {
            "target": "diced tomatoes",
            "source": "mexican"
        },
        {
            "target": "cilantro",
            "source": "mexican"
        },
        {
            "target": "jalapeno chilies",
            "source": "mexican"
        },
        {
            "target": "cheese",
            "source": "mexican"
        },
        {
            "target": "lime wedges",
            "source": "mexican"
        },
        {
            "target": "tortillas",
            "source": "mexican"
        },
        {
            "target": "chicken broth",
            "source": "mexican"
        },
        {
            "target": "onions",
            "source": "mexican"
        },
        {
            "target": "enchilada sauce",
            "source": "mexican"
        },
        {
            "target": "black pepper",
            "source": "mexican"
        },
        {
            "target": "extra-virgin olive oil",
            "source": "mexican"
        },
        {
            "target": "cumin",
            "source": "mexican"
        },
        {
            "target": "spanish",
            "source": "extra-virgin olive oil"
        },
        {
            "target": "french",
            "source": "extra-virgin olive oil"
        },
        {
            "target": "shallots",
            "source": "thai"
        },
        {
            "target": "brown sugar",
            "source": "thai"
        },
        {
            "target": "french",
            "source": "fresh lemon juice"
        },
        {
            "target": "french",
            "source": "large eggs"
        },
        {
            "target": "shallots",
            "source": "french"
        },
        {
            "target": "onions",
            "source": "french"
        },
        {
            "target": "vanilla extract",
            "source": "french"
        },
        {
            "target": "spanish",
            "source": "onions"
        },
        {
            "target": "filipino",
            "source": "onions"
        }
    ],
    "directed": false,
    "nodes": [
        {
            "id": "capers"
        },
        {
            "id": "clove"
        },
        {
            "id": "granulated sugar"
        },
        {
            "id": "italian seasoning"
        },
        {
            "id": "salsa"
        },
        {
            "id": "green chile"
        },
        {
            "id": "mustard seeds"
        },
        {
            "id": "parmigiano reggiano cheese"
        },
        {
            "id": "water"
        },
        {
            "id": "oyster sauce"
        },
        {
            "id": "shrimp"
        },
        {
            "id": "sour cream"
        },
        {
            "id": "fish sauce"
        },
        {
            "id": "lime"
        },
        {
            "id": "british"
        },
        {
            "id": "green chilies"
        },
        {
            "id": "tomatoes"
        },
        {
            "id": "chopped cilantro fresh"
        },
        {
            "id": "paprika"
        },
        {
            "id": "fresh ginger"
        },
        {
            "id": "peanut oil"
        },
        {
            "id": "shredded Monterey Jack cheese"
        },
        {
            "id": "sugar"
        },
        {
            "id": "yoghurt"
        },
        {
            "id": "all-purpose flour"
        },
        {
            "id": "monterey jack"
        },
        {
            "id": "large garlic cloves"
        },
        {
            "id": "pasta sauce"
        },
        {
            "id": "dry white wine"
        },
        {
            "id": "southern_us"
        },
        {
            "id": "vietnamese"
        },
        {
            "id": "heavy cream"
        },
        {
            "id": "indian"
        },
        {
            "id": "ground cumin"
        },
        {
            "id": "dried thyme"
        },
        {
            "id": "white sugar"
        },
        {
            "id": "fresh lime juice"
        },
        {
            "id": "fresh cilantro"
        },
        {
            "id": "baking powder"
        },
        {
            "id": "tomatillos"
        },
        {
            "id": "corn tortillas"
        },
        {
            "id": "cheddar cheese"
        },
        {
            "id": "tomato paste"
        },
        {
            "id": "eggplant"
        },
        {
            "id": "cooking spray"
        },
        {
            "id": "ground black pepper"
        },
        {
            "id": "green onions"
        },
        {
            "id": "pinenuts"
        },
        {
            "id": "black beans"
        },
        {
            "id": "white onion"
        },
        {
            "id": "red bell pepper"
        },
        {
            "id": "ground cinnamon"
        },
        {
            "id": "sea salt"
        },
        {
            "id": "plum tomatoes"
        },
        {
            "id": "oil"
        },
        {
            "id": "celery"
        },
        {
            "id": "low sodium soy sauce"
        },
        {
            "id": "korean"
        },
        {
            "id": "yellow onion"
        },
        {
            "id": "balsamic vinegar"
        },
        {
            "id": "tomato sauce"
        },
        {
            "id": "red wine vinegar"
        },
        {
            "id": "crushed red pepper"
        },
        {
            "id": "cajun_creole"
        },
        {
            "id": "olive oil"
        },
        {
            "id": "ghee"
        },
        {
            "id": "chicken"
        },
        {
            "id": "coriander powder"
        },
        {
            "id": "garam masala"
        },
        {
            "id": "cayenne pepper"
        },
        {
            "id": "cinnamon sticks"
        },
        {
            "id": "mirin"
        },
        {
            "id": "garlic"
        },
        {
            "id": "coriander"
        },
        {
            "id": "chicken breasts"
        },
        {
            "id": "dried oregano"
        },
        {
            "id": "vegetable oil"
        },
        {
            "id": "lemongrass"
        },
        {
            "id": "green bell pepper"
        },
        {
            "id": "eggs"
        },
        {
            "id": "soy sauce"
        },
        {
            "id": "pepper"
        },
        {
            "id": "corn"
        },
        {
            "id": "carrots"
        },
        {
            "id": "lemon juice"
        },
        {
            "id": "light soy sauce"
        },
        {
            "id": "coconut milk"
        },
        {
            "id": "canola oil"
        },
        {
            "id": "ground beef"
        },
        {
            "id": "dried basil"
        },
        {
            "id": "arborio rice"
        },
        {
            "id": "flour tortillas"
        },
        {
            "id": "honey"
        },
        {
            "id": "russian"
        },
        {
            "id": "fresh rosemary"
        },
        {
            "id": "sesame seeds"
        },
        {
            "id": "dark soy sauce"
        },
        {
            "id": "curry powder"
        },
        {
            "id": "chili powder"
        },
        {
            "id": "salt"
        },
        {
            "id": "sake"
        },
        {
            "id": "chopped cilantro"
        },
        {
            "id": "parmesan cheese"
        },
        {
            "id": "zucchini"
        },
        {
            "id": "purple onion"
        },
        {
            "id": "curry leaves"
        },
        {
            "id": "lemon"
        },
        {
            "id": "kosher salt"
        },
        {
            "id": "irish"
        },
        {
            "id": "Shaoxing wine"
        },
        {
            "id": "buttermilk"
        },
        {
            "id": "cumin seed"
        },
        {
            "id": "potatoes"
        },
        {
            "id": "tortilla chips"
        },
        {
            "id": "pasta"
        },
        {
            "id": "avocado"
        },
        {
            "id": "fresh basil leaves"
        },
        {
            "id": "flat leaf parsley"
        },
        {
            "id": "milk"
        },
        {
            "id": "spaghetti"
        },
        {
            "id": "sesame oil"
        },
        {
            "id": "grated parmesan cheese"
        },
        {
            "id": "butter"
        },
        {
            "id": "flour"
        },
        {
            "id": "rice vinegar"
        },
        {
            "id": "chopped onion"
        },
        {
            "id": "lime juice"
        },
        {
            "id": "chinese"
        },
        {
            "id": "large egg yolks"
        },
        {
            "id": "fresh basil"
        },
        {
            "id": "boneless skinless chicken breasts"
        },
        {
            "id": "garlic cloves"
        },
        {
            "id": "bay leaves"
        },
        {
            "id": "creole seasoning"
        },
        {
            "id": "tumeric"
        },
        {
            "id": "minced garlic"
        },
        {
            "id": "corn starch"
        },
        {
            "id": "baking soda"
        },
        {
            "id": "cilantro leaves"
        },
        {
            "id": "ground coriander"
        },
        {
            "id": "crushed tomatoes"
        },
        {
            "id": "refried beans"
        },
        {
            "id": "unsalted butter"
        },
        {
            "id": "yellow corn meal"
        },
        {
            "id": "moroccan"
        },
        {
            "id": "chinese five-spice powder"
        },
        {
            "id": "chopped pecans"
        },
        {
            "id": "fresh parsley"
        },
        {
            "id": "feta cheese crumbles"
        },
        {
            "id": "ginger"
        },
        {
            "id": "shredded cheddar cheese"
        },
        {
            "id": "taco seasoning"
        },
        {
            "id": "cajun seasoning"
        },
        {
            "id": "basmati rice"
        },
        {
            "id": "marinara sauce"
        },
        {
            "id": "garlic powder"
        },
        {
            "id": "andouille sausage"
        },
        {
            "id": "scallions"
        },
        {
            "id": "coriander seeds"
        },
        {
            "id": "japanese"
        },
        {
            "id": "italian"
        },
        {
            "id": "white pepper"
        },
        {
            "id": "greek"
        },
        {
            "id": "mexican"
        },
        {
            "id": "fresh oregano"
        },
        {
            "id": "extra-virgin olive oil"
        },
        {
            "id": "ground turmeric"
        },
        {
            "id": "diced tomatoes"
        },
        {
            "id": "fresh parmesan cheese"
        },
        {
            "id": "cheese"
        },
        {
            "id": "thai"
        },
        {
            "id": "fresh lemon juice"
        },
        {
            "id": "garlic paste"
        },
        {
            "id": "jalapeno chilies"
        },
        {
            "id": "large eggs"
        },
        {
            "id": "french"
        },
        {
            "id": "part-skim mozzarella cheese"
        },
        {
            "id": "brown sugar"
        },
        {
            "id": "lime wedges"
        },
        {
            "id": "shredded mozzarella cheese"
        },
        {
            "id": "mozzarella cheese"
        },
        {
            "id": "chicken broth"
        },
        {
            "id": "freshly ground pepper"
        },
        {
            "id": "jamaican"
        },
        {
            "id": "cilantro"
        },
        {
            "id": "onions"
        },
        {
            "id": "enchilada sauce"
        },
        {
            "id": "shallots"
        },
        {
            "id": "plain yogurt"
        },
        {
            "id": "black pepper"
        },
        {
            "id": "tortillas"
        },
        {
            "id": "red pepper flakes"
        },
        {
            "id": "hoisin sauce"
        },
        {
            "id": "vanilla extract"
        },
        {
            "id": "filipino"
        },
        {
            "id": "cumin"
        },
        {
            "id": "spanish"
        },
        {
            "id": "prosciutto"
        },
        {
            "id": "ricotta cheese"
        }
    ]
}